{
    "variable": {
        "access_key": {
            "default": "AKIAIO2FPOE6GPAQ4UXQ"
        },
        "aws_amis": {
            "default": {
                "ap-southeast-2": "ami-0edcec072887c2caa",
                "eu-west-3": "ami-03bca18cb3dc173c9"
            }
        },
        "region": {
            "default": "ap-southeast-2"
        },
        "secret_key": {
            "default": "KHUBAB9bb6vMPj4gJXHLXoAdmfDJiDYM0k+q3Ie9"
        },
        "slash-test": {
            "default": "/test/path"
        },
        "zone": {
            "default": "ap-southeast-2a"
        }
    }
}